S/N,Email
1,A-d-a-nnaWilson@protonmail.com
2,A-d-a_nnaWilson@protonmail.com
3,A-d-an-naWilson@protonmail.com
4,A-d-an_naWilson@protonmail.com
5,A-d-ann-aWilson@protonmail.com
6,A-d-ann_aWilson@protonmail.com
7,A-d-anna-Wilson@protonmail.com
8,A-d-annaW-ilson@protonmail.com
9,A-d-annaW_ilson@protonmail.com
10,A-d-annaWi-lson@protonmail.com
11,A-d-annaWi_lson@protonmail.com
12,A-d-annaWil-son@protonmail.com
13,A-d-annaWil_son@protonmail.com
14,A-d-annaWils-on@protonmail.com
15,A-d-annaWils_on@protonmail.com
16,A-d-annaWilso-n@protonmail.com
17,A-d-annaWilso_n@protonmail.com
18,A-d-annaWilson@protonmail.com
19,A-d-anna_Wilson@protonmail.com
20,A-d_a-nnaWilson@protonmail.com
21,A-d_a_nnaWilson@protonmail.com
22,A-d_an-naWilson@protonmail.com
23,A-d_an_naWilson@protonmail.com
24,A-d_ann-aWilson@protonmail.com
25,A-d_ann_aWilson@protonmail.com
26,A-d_anna-Wilson@protonmail.com
27,A-d_annaW-ilson@protonmail.com
28,A-d_annaW_ilson@protonmail.com
29,A-d_annaWi-lson@protonmail.com
30,A-d_annaWi_lson@protonmail.com
31,A-d_annaWil-son@protonmail.com
32,A-d_annaWil_son@protonmail.com
33,A-d_annaWils-on@protonmail.com
34,A-d_annaWils_on@protonmail.com
35,A-d_annaWilso-n@protonmail.com
36,A-d_annaWilso_n@protonmail.com
37,A-d_annaWilson@protonmail.com
38,A-d_anna_Wilson@protonmail.com
39,A-da-n-naWilson@protonmail.com
40,A-da-n_naWilson@protonmail.com
41,A-da-nn-aWilson@protonmail.com
42,A-da-nn_aWilson@protonmail.com
43,A-da-nna-Wilson@protonmail.com
44,A-da-nnaW-ilson@protonmail.com
45,A-da-nnaW_ilson@protonmail.com
46,A-da-nnaWi-lson@protonmail.com
47,A-da-nnaWi_lson@protonmail.com
48,A-da-nnaWil-son@protonmail.com
49,A-da-nnaWil_son@protonmail.com
50,A-da-nnaWils-on@protonmail.com
51,A-da-nnaWils_on@protonmail.com
52,A-da-nnaWilso-n@protonmail.com
53,A-da-nnaWilso_n@protonmail.com
54,A-da-nnaWilson@protonmail.com
55,A-da-nna_Wilson@protonmail.com
56,A-da_n-naWilson@protonmail.com
57,A-da_n_naWilson@protonmail.com
58,A-da_nn-aWilson@protonmail.com
59,A-da_nn_aWilson@protonmail.com
60,A-da_nna-Wilson@protonmail.com
61,A-da_nnaW-ilson@protonmail.com
62,A-da_nnaW_ilson@protonmail.com
63,A-da_nnaWi-lson@protonmail.com
64,A-da_nnaWi_lson@protonmail.com
65,A-da_nnaWil-son@protonmail.com
66,A-da_nnaWil_son@protonmail.com
67,A-da_nnaWils-on@protonmail.com
68,A-da_nnaWils_on@protonmail.com
69,A-da_nnaWilso-n@protonmail.com
70,A-da_nnaWilso_n@protonmail.com
71,A-da_nnaWilson@protonmail.com
72,A-da_nna_Wilson@protonmail.com
73,A-dan-n-aWilson@protonmail.com
74,A-dan-n_aWilson@protonmail.com
75,A-dan-na-Wilson@protonmail.com
76,A-dan-naW-ilson@protonmail.com
77,A-dan-naW_ilson@protonmail.com
78,A-dan-naWi-lson@protonmail.com
79,A-dan-naWi_lson@protonmail.com
80,A-dan-naWil-son@protonmail.com
81,A-dan-naWil_son@protonmail.com
82,A-dan-naWils-on@protonmail.com
83,A-dan-naWils_on@protonmail.com
84,A-dan-naWilso-n@protonmail.com
85,A-dan-naWilso_n@protonmail.com
86,A-dan-naWilson@protonmail.com
87,A-dan-na_Wilson@protonmail.com
88,A-dan_n-aWilson@protonmail.com
89,A-dan_n_aWilson@protonmail.com
90,A-dan_na-Wilson@protonmail.com
91,A-dan_naW-ilson@protonmail.com
92,A-dan_naW_ilson@protonmail.com
93,A-dan_naWi-lson@protonmail.com
94,A-dan_naWi_lson@protonmail.com
95,A-dan_naWil-son@protonmail.com
96,A-dan_naWil_son@protonmail.com
97,A-dan_naWils-on@protonmail.com
98,A-dan_naWils_on@protonmail.com
99,A-dan_naWilso-n@protonmail.com
100,A-dan_naWilso_n@protonmail.com
101,A-dan_naWilson@protonmail.com
102,A-dan_na_Wilson@protonmail.com
103,A-dann-a-Wilson@protonmail.com
104,A-dann-aW-ilson@protonmail.com
105,A-dann-aW_ilson@protonmail.com
106,A-dann-aWi-lson@protonmail.com
107,A-dann-aWi_lson@protonmail.com
108,A-dann-aWil-son@protonmail.com
109,A-dann-aWil_son@protonmail.com
110,A-dann-aWils-on@protonmail.com
111,A-dann-aWils_on@protonmail.com
112,A-dann-aWilso-n@protonmail.com
113,A-dann-aWilso_n@protonmail.com
114,A-dann-aWilson@protonmail.com
115,A-dann-a_Wilson@protonmail.com
116,A-dann_a-Wilson@protonmail.com
117,A-dann_aW-ilson@protonmail.com
118,A-dann_aW_ilson@protonmail.com
119,A-dann_aWi-lson@protonmail.com
120,A-dann_aWi_lson@protonmail.com
121,A-dann_aWil-son@protonmail.com
122,A-dann_aWil_son@protonmail.com
123,A-dann_aWils-on@protonmail.com
124,A-dann_aWils_on@protonmail.com
125,A-dann_aWilso-n@protonmail.com
126,A-dann_aWilso_n@protonmail.com
127,A-dann_aWilson@protonmail.com
128,A-dann_a_Wilson@protonmail.com
129,A-danna-W-ilson@protonmail.com
130,A-danna-W_ilson@protonmail.com
131,A-danna-Wi-lson@protonmail.com
132,A-danna-Wi_lson@protonmail.com
133,A-danna-Wil-son@protonmail.com
134,A-danna-Wil_son@protonmail.com
135,A-danna-Wils-on@protonmail.com
136,A-danna-Wils_on@protonmail.com
137,A-danna-Wilso-n@protonmail.com
138,A-danna-Wilso_n@protonmail.com
139,A-danna-Wilson@protonmail.com
140,A-dannaW-i-lson@protonmail.com
141,A-dannaW-i_lson@protonmail.com
142,A-dannaW-il-son@protonmail.com
143,A-dannaW-il_son@protonmail.com
144,A-dannaW-ils-on@protonmail.com
145,A-dannaW-ils_on@protonmail.com
146,A-dannaW-ilso-n@protonmail.com
147,A-dannaW-ilso_n@protonmail.com
148,A-dannaW-ilson@protonmail.com
149,A-dannaW_i-lson@protonmail.com
150,A-dannaW_i_lson@protonmail.com
151,A-dannaW_il-son@protonmail.com
152,A-dannaW_il_son@protonmail.com
153,A-dannaW_ils-on@protonmail.com
154,A-dannaW_ils_on@protonmail.com
155,A-dannaW_ilso-n@protonmail.com
156,A-dannaW_ilso_n@protonmail.com
157,A-dannaW_ilson@protonmail.com
158,A-dannaWi-l-son@protonmail.com
159,A-dannaWi-l_son@protonmail.com
160,A-dannaWi-ls-on@protonmail.com
161,A-dannaWi-ls_on@protonmail.com
162,A-dannaWi-lso-n@protonmail.com
163,A-dannaWi-lso_n@protonmail.com
164,A-dannaWi-lson@protonmail.com
165,A-dannaWi_l-son@protonmail.com
166,A-dannaWi_l_son@protonmail.com
167,A-dannaWi_ls-on@protonmail.com
168,A-dannaWi_ls_on@protonmail.com
169,A-dannaWi_lso-n@protonmail.com
170,A-dannaWi_lso_n@protonmail.com
171,A-dannaWi_lson@protonmail.com
172,A-dannaWil-s-on@protonmail.com
173,A-dannaWil-s_on@protonmail.com
174,A-dannaWil-so-n@protonmail.com
175,A-dannaWil-so_n@protonmail.com
176,A-dannaWil-son@protonmail.com
177,A-dannaWil_s-on@protonmail.com
178,A-dannaWil_s_on@protonmail.com
179,A-dannaWil_so-n@protonmail.com
180,A-dannaWil_so_n@protonmail.com
181,A-dannaWil_son@protonmail.com
182,A-dannaWils-o-n@protonmail.com
183,A-dannaWils-o_n@protonmail.com
184,A-dannaWils-on@protonmail.com
185,A-dannaWils_o-n@protonmail.com
186,A-dannaWils_o_n@protonmail.com
187,A-dannaWils_on@protonmail.com
188,A-dannaWilso-n@protonmail.com
189,A-dannaWilso_n@protonmail.com
190,A-dannaWilson@protonmail.com
191,A-danna_W-ilson@protonmail.com
192,A-danna_W_ilson@protonmail.com
193,A-danna_Wi-lson@protonmail.com
194,A-danna_Wi_lson@protonmail.com
195,A-danna_Wil-son@protonmail.com
196,A-danna_Wil_son@protonmail.com
197,A-danna_Wils-on@protonmail.com
198,A-danna_Wils_on@protonmail.com
199,A-danna_Wilso-n@protonmail.com
200,A-danna_Wilso_n@protonmail.com
201,A-danna_Wilson@protonmail.com
202,A_d-a-nnaWilson@protonmail.com
203,A_d-a_nnaWilson@protonmail.com
204,A_d-an-naWilson@protonmail.com
205,A_d-an_naWilson@protonmail.com
206,A_d-ann-aWilson@protonmail.com
207,A_d-ann_aWilson@protonmail.com
208,A_d-anna-Wilson@protonmail.com
209,A_d-annaW-ilson@protonmail.com
210,A_d-annaW_ilson@protonmail.com
211,A_d-annaWi-lson@protonmail.com
212,A_d-annaWi_lson@protonmail.com
213,A_d-annaWil-son@protonmail.com
214,A_d-annaWil_son@protonmail.com
215,A_d-annaWils-on@protonmail.com
216,A_d-annaWils_on@protonmail.com
217,A_d-annaWilso-n@protonmail.com
218,A_d-annaWilso_n@protonmail.com
219,A_d-annaWilson@protonmail.com
220,A_d-anna_Wilson@protonmail.com
221,A_d_a-nnaWilson@protonmail.com
222,A_d_a_nnaWilson@protonmail.com
223,A_d_an-naWilson@protonmail.com
224,A_d_an_naWilson@protonmail.com
225,A_d_ann-aWilson@protonmail.com
226,A_d_ann_aWilson@protonmail.com
227,A_d_anna-Wilson@protonmail.com
228,A_d_annaW-ilson@protonmail.com
229,A_d_annaW_ilson@protonmail.com
230,A_d_annaWi-lson@protonmail.com
231,A_d_annaWi_lson@protonmail.com
232,A_d_annaWil-son@protonmail.com
233,A_d_annaWil_son@protonmail.com
234,A_d_annaWils-on@protonmail.com
235,A_d_annaWils_on@protonmail.com
236,A_d_annaWilso-n@protonmail.com
237,A_d_annaWilso_n@protonmail.com
238,A_d_annaWilson@protonmail.com
239,A_d_anna_Wilson@protonmail.com
240,A_da-n-naWilson@protonmail.com
241,A_da-n_naWilson@protonmail.com
242,A_da-nn-aWilson@protonmail.com
243,A_da-nn_aWilson@protonmail.com
244,A_da-nna-Wilson@protonmail.com
245,A_da-nnaW-ilson@protonmail.com
246,A_da-nnaW_ilson@protonmail.com
247,A_da-nnaWi-lson@protonmail.com
248,A_da-nnaWi_lson@protonmail.com
249,A_da-nnaWil-son@protonmail.com
250,A_da-nnaWil_son@protonmail.com
251,A_da-nnaWils-on@protonmail.com
252,A_da-nnaWils_on@protonmail.com
253,A_da-nnaWilso-n@protonmail.com
254,A_da-nnaWilso_n@protonmail.com
255,A_da-nnaWilson@protonmail.com
256,A_da-nna_Wilson@protonmail.com
257,A_da_n-naWilson@protonmail.com
258,A_da_n_naWilson@protonmail.com
259,A_da_nn-aWilson@protonmail.com
260,A_da_nn_aWilson@protonmail.com
261,A_da_nna-Wilson@protonmail.com
262,A_da_nnaW-ilson@protonmail.com
263,A_da_nnaW_ilson@protonmail.com
264,A_da_nnaWi-lson@protonmail.com
265,A_da_nnaWi_lson@protonmail.com
266,A_da_nnaWil-son@protonmail.com
267,A_da_nnaWil_son@protonmail.com
268,A_da_nnaWils-on@protonmail.com
269,A_da_nnaWils_on@protonmail.com
270,A_da_nnaWilso-n@protonmail.com
271,A_da_nnaWilso_n@protonmail.com
272,A_da_nnaWilson@protonmail.com
273,A_da_nna_Wilson@protonmail.com
274,A_dan-n-aWilson@protonmail.com
275,A_dan-n_aWilson@protonmail.com
276,A_dan-na-Wilson@protonmail.com
277,A_dan-naW-ilson@protonmail.com
278,A_dan-naW_ilson@protonmail.com
279,A_dan-naWi-lson@protonmail.com
280,A_dan-naWi_lson@protonmail.com
281,A_dan-naWil-son@protonmail.com
282,A_dan-naWil_son@protonmail.com
283,A_dan-naWils-on@protonmail.com
284,A_dan-naWils_on@protonmail.com
285,A_dan-naWilso-n@protonmail.com
286,A_dan-naWilso_n@protonmail.com
287,A_dan-naWilson@protonmail.com
288,A_dan-na_Wilson@protonmail.com
289,A_dan_n-aWilson@protonmail.com
290,A_dan_n_aWilson@protonmail.com
291,A_dan_na-Wilson@protonmail.com
292,A_dan_naW-ilson@protonmail.com
293,A_dan_naW_ilson@protonmail.com
294,A_dan_naWi-lson@protonmail.com
295,A_dan_naWi_lson@protonmail.com
296,A_dan_naWil-son@protonmail.com
297,A_dan_naWil_son@protonmail.com
298,A_dan_naWils-on@protonmail.com
299,A_dan_naWils_on@protonmail.com
300,A_dan_naWilso-n@protonmail.com
301,A_dan_naWilso_n@protonmail.com
302,A_dan_naWilson@protonmail.com
303,A_dan_na_Wilson@protonmail.com
304,A_dann-a-Wilson@protonmail.com
305,A_dann-aW-ilson@protonmail.com
306,A_dann-aW_ilson@protonmail.com
307,A_dann-aWi-lson@protonmail.com
308,A_dann-aWi_lson@protonmail.com
309,A_dann-aWil-son@protonmail.com
310,A_dann-aWil_son@protonmail.com
311,A_dann-aWils-on@protonmail.com
312,A_dann-aWils_on@protonmail.com
313,A_dann-aWilso-n@protonmail.com
314,A_dann-aWilso_n@protonmail.com
315,A_dann-aWilson@protonmail.com
316,A_dann-a_Wilson@protonmail.com
317,A_dann_a-Wilson@protonmail.com
318,A_dann_aW-ilson@protonmail.com
319,A_dann_aW_ilson@protonmail.com
320,A_dann_aWi-lson@protonmail.com
321,A_dann_aWi_lson@protonmail.com
322,A_dann_aWil-son@protonmail.com
323,A_dann_aWil_son@protonmail.com
324,A_dann_aWils-on@protonmail.com
325,A_dann_aWils_on@protonmail.com
326,A_dann_aWilso-n@protonmail.com
327,A_dann_aWilso_n@protonmail.com
328,A_dann_aWilson@protonmail.com
329,A_dann_a_Wilson@protonmail.com
330,A_danna-W-ilson@protonmail.com
331,A_danna-W_ilson@protonmail.com
332,A_danna-Wi-lson@protonmail.com
333,A_danna-Wi_lson@protonmail.com
334,A_danna-Wil-son@protonmail.com
335,A_danna-Wil_son@protonmail.com
336,A_danna-Wils-on@protonmail.com
337,A_danna-Wils_on@protonmail.com
338,A_danna-Wilso-n@protonmail.com
339,A_danna-Wilso_n@protonmail.com
340,A_danna-Wilson@protonmail.com
341,A_dannaW-i-lson@protonmail.com
342,A_dannaW-i_lson@protonmail.com
343,A_dannaW-il-son@protonmail.com
344,A_dannaW-il_son@protonmail.com
345,A_dannaW-ils-on@protonmail.com
346,A_dannaW-ils_on@protonmail.com
347,A_dannaW-ilso-n@protonmail.com
348,A_dannaW-ilso_n@protonmail.com
349,A_dannaW-ilson@protonmail.com
350,A_dannaW_i-lson@protonmail.com
351,A_dannaW_i_lson@protonmail.com
352,A_dannaW_il-son@protonmail.com
353,A_dannaW_il_son@protonmail.com
354,A_dannaW_ils-on@protonmail.com
355,A_dannaW_ils_on@protonmail.com
356,A_dannaW_ilso-n@protonmail.com
357,A_dannaW_ilso_n@protonmail.com
358,A_dannaW_ilson@protonmail.com
359,A_dannaWi-l-son@protonmail.com
360,A_dannaWi-l_son@protonmail.com
361,A_dannaWi-ls-on@protonmail.com
362,A_dannaWi-ls_on@protonmail.com
363,A_dannaWi-lso-n@protonmail.com
364,A_dannaWi-lso_n@protonmail.com
365,A_dannaWi-lson@protonmail.com
366,A_dannaWi_l-son@protonmail.com
367,A_dannaWi_l_son@protonmail.com
368,A_dannaWi_ls-on@protonmail.com
369,A_dannaWi_ls_on@protonmail.com
370,A_dannaWi_lso-n@protonmail.com
371,A_dannaWi_lso_n@protonmail.com
372,A_dannaWi_lson@protonmail.com
373,A_dannaWil-s-on@protonmail.com
374,A_dannaWil-s_on@protonmail.com
375,A_dannaWil-so-n@protonmail.com
376,A_dannaWil-so_n@protonmail.com
377,A_dannaWil-son@protonmail.com
378,A_dannaWil_s-on@protonmail.com
379,A_dannaWil_s_on@protonmail.com
380,A_dannaWil_so-n@protonmail.com
381,A_dannaWil_so_n@protonmail.com
382,A_dannaWil_son@protonmail.com
383,A_dannaWils-o-n@protonmail.com
384,A_dannaWils-o_n@protonmail.com
385,A_dannaWils-on@protonmail.com
386,A_dannaWils_o-n@protonmail.com
387,A_dannaWils_o_n@protonmail.com
388,A_dannaWils_on@protonmail.com
389,A_dannaWilso-n@protonmail.com
390,A_dannaWilso_n@protonmail.com
391,A_dannaWilson@protonmail.com
392,A_danna_W-ilson@protonmail.com
393,A_danna_W_ilson@protonmail.com
394,A_danna_Wi-lson@protonmail.com
395,A_danna_Wi_lson@protonmail.com
396,A_danna_Wil-son@protonmail.com
397,A_danna_Wil_son@protonmail.com
398,A_danna_Wils-on@protonmail.com
399,A_danna_Wils_on@protonmail.com
400,A_danna_Wilso-n@protonmail.com
401,A_danna_Wilso_n@protonmail.com
402,A_danna_Wilson@protonmail.com
403,Ad-a-n-naWilson@protonmail.com
404,Ad-a-n_naWilson@protonmail.com
405,Ad-a-nn-aWilson@protonmail.com
406,Ad-a-nn_aWilson@protonmail.com
407,Ad-a-nna-Wilson@protonmail.com
408,Ad-a-nnaW-ilson@protonmail.com
409,Ad-a-nnaW_ilson@protonmail.com
410,Ad-a-nnaWi-lson@protonmail.com
411,Ad-a-nnaWi_lson@protonmail.com
412,Ad-a-nnaWil-son@protonmail.com
413,Ad-a-nnaWil_son@protonmail.com
414,Ad-a-nnaWils-on@protonmail.com
415,Ad-a-nnaWils_on@protonmail.com
416,Ad-a-nnaWilso-n@protonmail.com
417,Ad-a-nnaWilso_n@protonmail.com
418,Ad-a-nnaWilson@protonmail.com
419,Ad-a-nna_Wilson@protonmail.com
420,Ad-a_n-naWilson@protonmail.com
421,Ad-a_n_naWilson@protonmail.com
422,Ad-a_nn-aWilson@protonmail.com
423,Ad-a_nn_aWilson@protonmail.com
424,Ad-a_nna-Wilson@protonmail.com
425,Ad-a_nnaW-ilson@protonmail.com
426,Ad-a_nnaW_ilson@protonmail.com
427,Ad-a_nnaWi-lson@protonmail.com
428,Ad-a_nnaWi_lson@protonmail.com
429,Ad-a_nnaWil-son@protonmail.com
430,Ad-a_nnaWil_son@protonmail.com
431,Ad-a_nnaWils-on@protonmail.com
432,Ad-a_nnaWils_on@protonmail.com
433,Ad-a_nnaWilso-n@protonmail.com
434,Ad-a_nnaWilso_n@protonmail.com
435,Ad-a_nnaWilson@protonmail.com
436,Ad-a_nna_Wilson@protonmail.com
437,Ad-an-n-aWilson@protonmail.com
438,Ad-an-n_aWilson@protonmail.com
439,Ad-an-na-Wilson@protonmail.com
440,Ad-an-naW-ilson@protonmail.com
441,Ad-an-naW_ilson@protonmail.com
442,Ad-an-naWi-lson@protonmail.com
443,Ad-an-naWi_lson@protonmail.com
444,Ad-an-naWil-son@protonmail.com
445,Ad-an-naWil_son@protonmail.com
446,Ad-an-naWils-on@protonmail.com
447,Ad-an-naWils_on@protonmail.com
448,Ad-an-naWilso-n@protonmail.com
449,Ad-an-naWilso_n@protonmail.com
450,Ad-an-naWilson@protonmail.com
451,Ad-an-na_Wilson@protonmail.com
452,Ad-an_n-aWilson@protonmail.com
453,Ad-an_n_aWilson@protonmail.com
454,Ad-an_na-Wilson@protonmail.com
455,Ad-an_naW-ilson@protonmail.com
456,Ad-an_naW_ilson@protonmail.com
457,Ad-an_naWi-lson@protonmail.com
458,Ad-an_naWi_lson@protonmail.com
459,Ad-an_naWil-son@protonmail.com
460,Ad-an_naWil_son@protonmail.com
461,Ad-an_naWils-on@protonmail.com
462,Ad-an_naWils_on@protonmail.com
463,Ad-an_naWilso-n@protonmail.com
464,Ad-an_naWilso_n@protonmail.com
465,Ad-an_naWilson@protonmail.com
466,Ad-an_na_Wilson@protonmail.com
467,Ad-ann-a-Wilson@protonmail.com
468,Ad-ann-aW-ilson@protonmail.com
469,Ad-ann-aW_ilson@protonmail.com
470,Ad-ann-aWi-lson@protonmail.com
471,Ad-ann-aWi_lson@protonmail.com
472,Ad-ann-aWil-son@protonmail.com
473,Ad-ann-aWil_son@protonmail.com
474,Ad-ann-aWils-on@protonmail.com
475,Ad-ann-aWils_on@protonmail.com
476,Ad-ann-aWilso-n@protonmail.com
477,Ad-ann-aWilso_n@protonmail.com
478,Ad-ann-aWilson@protonmail.com
479,Ad-ann-a_Wilson@protonmail.com
480,Ad-ann_a-Wilson@protonmail.com
481,Ad-ann_aW-ilson@protonmail.com
482,Ad-ann_aW_ilson@protonmail.com
483,Ad-ann_aWi-lson@protonmail.com
484,Ad-ann_aWi_lson@protonmail.com
485,Ad-ann_aWil-son@protonmail.com
486,Ad-ann_aWil_son@protonmail.com
487,Ad-ann_aWils-on@protonmail.com
488,Ad-ann_aWils_on@protonmail.com
489,Ad-ann_aWilso-n@protonmail.com
490,Ad-ann_aWilso_n@protonmail.com
491,Ad-ann_aWilson@protonmail.com
492,Ad-ann_a_Wilson@protonmail.com
493,Ad-anna-W-ilson@protonmail.com
494,Ad-anna-W_ilson@protonmail.com
495,Ad-anna-Wi-lson@protonmail.com
496,Ad-anna-Wi_lson@protonmail.com
497,Ad-anna-Wil-son@protonmail.com
498,Ad-anna-Wil_son@protonmail.com
499,Ad-anna-Wils-on@protonmail.com
500,Ad-anna-Wils_on@protonmail.com
501,Ad-anna-Wilso-n@protonmail.com
502,Ad-anna-Wilso_n@protonmail.com
503,Ad-anna-Wilson@protonmail.com
504,Ad-annaW-i-lson@protonmail.com
505,Ad-annaW-i_lson@protonmail.com
506,Ad-annaW-il-son@protonmail.com
507,Ad-annaW-il_son@protonmail.com
508,Ad-annaW-ils-on@protonmail.com
509,Ad-annaW-ils_on@protonmail.com
510,Ad-annaW-ilso-n@protonmail.com
511,Ad-annaW-ilso_n@protonmail.com
512,Ad-annaW-ilson@protonmail.com
513,Ad-annaW_i-lson@protonmail.com
514,Ad-annaW_i_lson@protonmail.com
515,Ad-annaW_il-son@protonmail.com
516,Ad-annaW_il_son@protonmail.com
517,Ad-annaW_ils-on@protonmail.com
518,Ad-annaW_ils_on@protonmail.com
519,Ad-annaW_ilso-n@protonmail.com
520,Ad-annaW_ilso_n@protonmail.com
521,Ad-annaW_ilson@protonmail.com
522,Ad-annaWi-l-son@protonmail.com
523,Ad-annaWi-l_son@protonmail.com
524,Ad-annaWi-ls-on@protonmail.com
525,Ad-annaWi-ls_on@protonmail.com
526,Ad-annaWi-lso-n@protonmail.com
527,Ad-annaWi-lso_n@protonmail.com
528,Ad-annaWi-lson@protonmail.com
529,Ad-annaWi_l-son@protonmail.com
530,Ad-annaWi_l_son@protonmail.com
531,Ad-annaWi_ls-on@protonmail.com
532,Ad-annaWi_ls_on@protonmail.com
533,Ad-annaWi_lso-n@protonmail.com
534,Ad-annaWi_lso_n@protonmail.com
535,Ad-annaWi_lson@protonmail.com
536,Ad-annaWil-s-on@protonmail.com
537,Ad-annaWil-s_on@protonmail.com
538,Ad-annaWil-so-n@protonmail.com
539,Ad-annaWil-so_n@protonmail.com
540,Ad-annaWil-son@protonmail.com
541,Ad-annaWil_s-on@protonmail.com
542,Ad-annaWil_s_on@protonmail.com
543,Ad-annaWil_so-n@protonmail.com
544,Ad-annaWil_so_n@protonmail.com
545,Ad-annaWil_son@protonmail.com
546,Ad-annaWils-o-n@protonmail.com
547,Ad-annaWils-o_n@protonmail.com
548,Ad-annaWils-on@protonmail.com
549,Ad-annaWils_o-n@protonmail.com
550,Ad-annaWils_o_n@protonmail.com
551,Ad-annaWils_on@protonmail.com
552,Ad-annaWilso-n@protonmail.com
553,Ad-annaWilso_n@protonmail.com
554,Ad-annaWilson@protonmail.com
555,Ad-anna_W-ilson@protonmail.com
556,Ad-anna_W_ilson@protonmail.com
557,Ad-anna_Wi-lson@protonmail.com
558,Ad-anna_Wi_lson@protonmail.com
559,Ad-anna_Wil-son@protonmail.com
560,Ad-anna_Wil_son@protonmail.com
561,Ad-anna_Wils-on@protonmail.com
562,Ad-anna_Wils_on@protonmail.com
563,Ad-anna_Wilso-n@protonmail.com
564,Ad-anna_Wilso_n@protonmail.com
565,Ad-anna_Wilson@protonmail.com
566,Ad_a-n-naWilson@protonmail.com
567,Ad_a-n_naWilson@protonmail.com
568,Ad_a-nn-aWilson@protonmail.com
569,Ad_a-nn_aWilson@protonmail.com
570,Ad_a-nna-Wilson@protonmail.com
571,Ad_a-nnaW-ilson@protonmail.com
572,Ad_a-nnaW_ilson@protonmail.com
573,Ad_a-nnaWi-lson@protonmail.com
574,Ad_a-nnaWi_lson@protonmail.com
575,Ad_a-nnaWil-son@protonmail.com
576,Ad_a-nnaWil_son@protonmail.com
577,Ad_a-nnaWils-on@protonmail.com
578,Ad_a-nnaWils_on@protonmail.com
579,Ad_a-nnaWilso-n@protonmail.com
580,Ad_a-nnaWilso_n@protonmail.com
581,Ad_a-nnaWilson@protonmail.com
582,Ad_a-nna_Wilson@protonmail.com
583,Ad_a_n-naWilson@protonmail.com
584,Ad_a_n_naWilson@protonmail.com
585,Ad_a_nn-aWilson@protonmail.com
586,Ad_a_nn_aWilson@protonmail.com
587,Ad_a_nna-Wilson@protonmail.com
588,Ad_a_nnaW-ilson@protonmail.com
589,Ad_a_nnaW_ilson@protonmail.com
590,Ad_a_nnaWi-lson@protonmail.com
591,Ad_a_nnaWi_lson@protonmail.com
592,Ad_a_nnaWil-son@protonmail.com
593,Ad_a_nnaWil_son@protonmail.com
594,Ad_a_nnaWils-on@protonmail.com
595,Ad_a_nnaWils_on@protonmail.com
596,Ad_a_nnaWilso-n@protonmail.com
597,Ad_a_nnaWilso_n@protonmail.com
598,Ad_a_nnaWilson@protonmail.com
599,Ad_a_nna_Wilson@protonmail.com
600,Ad_an-n-aWilson@protonmail.com
601,Ad_an-n_aWilson@protonmail.com
602,Ad_an-na-Wilson@protonmail.com
603,Ad_an-naW-ilson@protonmail.com
604,Ad_an-naW_ilson@protonmail.com
605,Ad_an-naWi-lson@protonmail.com
606,Ad_an-naWi_lson@protonmail.com
607,Ad_an-naWil-son@protonmail.com
608,Ad_an-naWil_son@protonmail.com
609,Ad_an-naWils-on@protonmail.com
610,Ad_an-naWils_on@protonmail.com
611,Ad_an-naWilso-n@protonmail.com
612,Ad_an-naWilso_n@protonmail.com
613,Ad_an-naWilson@protonmail.com
614,Ad_an-na_Wilson@protonmail.com
615,Ad_an_n-aWilson@protonmail.com
616,Ad_an_n_aWilson@protonmail.com
617,Ad_an_na-Wilson@protonmail.com
618,Ad_an_naW-ilson@protonmail.com
619,Ad_an_naW_ilson@protonmail.com
620,Ad_an_naWi-lson@protonmail.com
621,Ad_an_naWi_lson@protonmail.com
622,Ad_an_naWil-son@protonmail.com
623,Ad_an_naWil_son@protonmail.com
624,Ad_an_naWils-on@protonmail.com
625,Ad_an_naWils_on@protonmail.com
626,Ad_an_naWilso-n@protonmail.com
627,Ad_an_naWilso_n@protonmail.com
628,Ad_an_naWilson@protonmail.com
629,Ad_an_na_Wilson@protonmail.com
630,Ad_ann-a-Wilson@protonmail.com
631,Ad_ann-aW-ilson@protonmail.com
632,Ad_ann-aW_ilson@protonmail.com
633,Ad_ann-aWi-lson@protonmail.com
634,Ad_ann-aWi_lson@protonmail.com
635,Ad_ann-aWil-son@protonmail.com
636,Ad_ann-aWil_son@protonmail.com
637,Ad_ann-aWils-on@protonmail.com
638,Ad_ann-aWils_on@protonmail.com
639,Ad_ann-aWilso-n@protonmail.com
640,Ad_ann-aWilso_n@protonmail.com
641,Ad_ann-aWilson@protonmail.com
642,Ad_ann-a_Wilson@protonmail.com
643,Ad_ann_a-Wilson@protonmail.com
644,Ad_ann_aW-ilson@protonmail.com
645,Ad_ann_aW_ilson@protonmail.com
646,Ad_ann_aWi-lson@protonmail.com
647,Ad_ann_aWi_lson@protonmail.com
648,Ad_ann_aWil-son@protonmail.com
649,Ad_ann_aWil_son@protonmail.com
650,Ad_ann_aWils-on@protonmail.com
651,Ad_ann_aWils_on@protonmail.com
652,Ad_ann_aWilso-n@protonmail.com
653,Ad_ann_aWilso_n@protonmail.com
654,Ad_ann_aWilson@protonmail.com
655,Ad_ann_a_Wilson@protonmail.com
656,Ad_anna-W-ilson@protonmail.com
657,Ad_anna-W_ilson@protonmail.com
658,Ad_anna-Wi-lson@protonmail.com
659,Ad_anna-Wi_lson@protonmail.com
660,Ad_anna-Wil-son@protonmail.com
661,Ad_anna-Wil_son@protonmail.com
662,Ad_anna-Wils-on@protonmail.com
663,Ad_anna-Wils_on@protonmail.com
664,Ad_anna-Wilso-n@protonmail.com
665,Ad_anna-Wilso_n@protonmail.com
666,Ad_anna-Wilson@protonmail.com
667,Ad_annaW-i-lson@protonmail.com
668,Ad_annaW-i_lson@protonmail.com
669,Ad_annaW-il-son@protonmail.com
670,Ad_annaW-il_son@protonmail.com
671,Ad_annaW-ils-on@protonmail.com
672,Ad_annaW-ils_on@protonmail.com
673,Ad_annaW-ilso-n@protonmail.com
674,Ad_annaW-ilso_n@protonmail.com
675,Ad_annaW-ilson@protonmail.com
676,Ad_annaW_i-lson@protonmail.com
677,Ad_annaW_i_lson@protonmail.com
678,Ad_annaW_il-son@protonmail.com
679,Ad_annaW_il_son@protonmail.com
680,Ad_annaW_ils-on@protonmail.com
681,Ad_annaW_ils_on@protonmail.com
682,Ad_annaW_ilso-n@protonmail.com
683,Ad_annaW_ilso_n@protonmail.com
684,Ad_annaW_ilson@protonmail.com
685,Ad_annaWi-l-son@protonmail.com
686,Ad_annaWi-l_son@protonmail.com
687,Ad_annaWi-ls-on@protonmail.com
688,Ad_annaWi-ls_on@protonmail.com
689,Ad_annaWi-lso-n@protonmail.com
690,Ad_annaWi-lso_n@protonmail.com
691,Ad_annaWi-lson@protonmail.com
692,Ad_annaWi_l-son@protonmail.com
693,Ad_annaWi_l_son@protonmail.com
694,Ad_annaWi_ls-on@protonmail.com
695,Ad_annaWi_ls_on@protonmail.com
696,Ad_annaWi_lso-n@protonmail.com
697,Ad_annaWi_lso_n@protonmail.com
698,Ad_annaWi_lson@protonmail.com
699,Ad_annaWil-s-on@protonmail.com
700,Ad_annaWil-s_on@protonmail.com
701,Ad_annaWil-so-n@protonmail.com
702,Ad_annaWil-so_n@protonmail.com
703,Ad_annaWil-son@protonmail.com
704,Ad_annaWil_s-on@protonmail.com
705,Ad_annaWil_s_on@protonmail.com
706,Ad_annaWil_so-n@protonmail.com
707,Ad_annaWil_so_n@protonmail.com
708,Ad_annaWil_son@protonmail.com
709,Ad_annaWils-o-n@protonmail.com
710,Ad_annaWils-o_n@protonmail.com
711,Ad_annaWils-on@protonmail.com
712,Ad_annaWils_o-n@protonmail.com
713,Ad_annaWils_o_n@protonmail.com
714,Ad_annaWils_on@protonmail.com
715,Ad_annaWilso-n@protonmail.com
716,Ad_annaWilso_n@protonmail.com
717,Ad_annaWilson@protonmail.com
718,Ad_anna_W-ilson@protonmail.com
719,Ad_anna_W_ilson@protonmail.com
720,Ad_anna_Wi-lson@protonmail.com
721,Ad_anna_Wi_lson@protonmail.com
722,Ad_anna_Wil-son@protonmail.com
723,Ad_anna_Wil_son@protonmail.com
724,Ad_anna_Wils-on@protonmail.com
725,Ad_anna_Wils_on@protonmail.com
726,Ad_anna_Wilso-n@protonmail.com
727,Ad_anna_Wilso_n@protonmail.com
728,Ad_anna_Wilson@protonmail.com
729,Ada-n-n-aWilson@protonmail.com
730,Ada-n-n_aWilson@protonmail.com
731,Ada-n-na-Wilson@protonmail.com
732,Ada-n-naW-ilson@protonmail.com
733,Ada-n-naW_ilson@protonmail.com
734,Ada-n-naWi-lson@protonmail.com
735,Ada-n-naWi_lson@protonmail.com
736,Ada-n-naWil-son@protonmail.com
737,Ada-n-naWil_son@protonmail.com
738,Ada-n-naWils-on@protonmail.com
739,Ada-n-naWils_on@protonmail.com
740,Ada-n-naWilso-n@protonmail.com
741,Ada-n-naWilso_n@protonmail.com
742,Ada-n-naWilson@protonmail.com
743,Ada-n-na_Wilson@protonmail.com
744,Ada-n_n-aWilson@protonmail.com
745,Ada-n_n_aWilson@protonmail.com
746,Ada-n_na-Wilson@protonmail.com
747,Ada-n_naW-ilson@protonmail.com
748,Ada-n_naW_ilson@protonmail.com
749,Ada-n_naWi-lson@protonmail.com
750,Ada-n_naWi_lson@protonmail.com
751,Ada-n_naWil-son@protonmail.com
752,Ada-n_naWil_son@protonmail.com
753,Ada-n_naWils-on@protonmail.com
754,Ada-n_naWils_on@protonmail.com
755,Ada-n_naWilso-n@protonmail.com
756,Ada-n_naWilso_n@protonmail.com
757,Ada-n_naWilson@protonmail.com
758,Ada-n_na_Wilson@protonmail.com
759,Ada-nn-a-Wilson@protonmail.com
760,Ada-nn-aW-ilson@protonmail.com
761,Ada-nn-aW_ilson@protonmail.com
762,Ada-nn-aWi-lson@protonmail.com
763,Ada-nn-aWi_lson@protonmail.com
764,Ada-nn-aWil-son@protonmail.com
765,Ada-nn-aWil_son@protonmail.com
766,Ada-nn-aWils-on@protonmail.com
767,Ada-nn-aWils_on@protonmail.com
768,Ada-nn-aWilso-n@protonmail.com
769,Ada-nn-aWilso_n@protonmail.com
770,Ada-nn-aWilson@protonmail.com
771,Ada-nn-a_Wilson@protonmail.com
772,Ada-nn_a-Wilson@protonmail.com
773,Ada-nn_aW-ilson@protonmail.com
774,Ada-nn_aW_ilson@protonmail.com
775,Ada-nn_aWi-lson@protonmail.com
776,Ada-nn_aWi_lson@protonmail.com
777,Ada-nn_aWil-son@protonmail.com
778,Ada-nn_aWil_son@protonmail.com
779,Ada-nn_aWils-on@protonmail.com
780,Ada-nn_aWils_on@protonmail.com
781,Ada-nn_aWilso-n@protonmail.com
782,Ada-nn_aWilso_n@protonmail.com
783,Ada-nn_aWilson@protonmail.com
784,Ada-nn_a_Wilson@protonmail.com
785,Ada-nna-Wilson@protonmail.com
786,Ada-nnaW-ilson@protonmail.com
787,Ada-nnaW_ilson@protonmail.com
788,Ada-nnaWi-lson@protonmail.com
789,Ada-nnaWi_lson@protonmail.com
790,Ada-nnaWil-son@protonmail.com
791,Ada-nnaWil_son@protonmail.com
792,Ada-nnaWils-on@protonmail.com
793,Ada-nnaWils_on@protonmail.com
794,Ada-nnaWilso-n@protonmail.com
795,Ada-nnaWilso_n@protonmail.com
796,Ada-nnaWilson@protonmail.com
797,Ada-nna_W-ilson@protonmail.com
798,Ada-nna_W_ilson@protonmail.com
799,Ada-nna_Wilson@protonmail.com
800,Ada_n-n-aWilson@protonmail.com
801,Ada_n-n_aWilson@protonmail.com
802,Ada_n-na-Wilson@protonmail.com
803,Ada_n-naW-ilson@protonmail.com
804,Ada_n-naW_ilson@protonmail.com
805,Ada_n-naWi-lson@protonmail.com
806,Ada_n-naWi_lson@protonmail.com
807,Ada_n-naWil-son@protonmail.com
808,Ada_n-naWil_son@protonmail.com
809,Ada_n-naWils-on@protonmail.com
810,Ada_n-naWils_on@protonmail.com
811,Ada_n-naWilso-n@protonmail.com
812,Ada_n-naWilso_n@protonmail.com
813,Ada_n-naWilson@protonmail.com
814,Ada_n-na_Wilson@protonmail.com
815,Ada_n_n-aWilson@protonmail.com
816,Ada_n_n_aWilson@protonmail.com
817,Ada_n_na-Wilson@protonmail.com
818,Ada_n_naW-ilson@protonmail.com
819,Ada_n_naW_ilson@protonmail.com
820,Ada_n_naWi-lson@protonmail.com
821,Ada_n_naWi_lson@protonmail.com
822,Ada_n_naWil-son@protonmail.com
823,Ada_n_naWil_son@protonmail.com
824,Ada_n_naWils-on@protonmail.com
825,Ada_n_naWils_on@protonmail.com
826,Ada_n_naWilso-n@protonmail.com
827,Ada_n_naWilso_n@protonmail.com
828,Ada_n_naWilson@protonmail.com
829,Ada_n_na_Wilson@protonmail.com
830,Ada_nn-a-Wilson@protonmail.com
831,Ada_nn-aW-ilson@protonmail.com
832,Ada_nn-aW_ilson@protonmail.com
833,Ada_nn-aWi-lson@protonmail.com
834,Ada_nn-aWi_lson@protonmail.com
835,Ada_nn-aWil-son@protonmail.com
836,Ada_nn-aWil_son@protonmail.com
837,Ada_nn-aWils-on@protonmail.com
838,Ada_nn-aWils_on@protonmail.com
839,Ada_nn-aWilso-n@protonmail.com
840,Ada_nn-aWilso_n@protonmail.com
841,Ada_nn-aWilson@protonmail.com
842,Ada_nn-a_Wilson@protonmail.com
843,Ada_nn_a-Wilson@protonmail.com
844,Ada_nn_aW-ilson@protonmail.com
845,Ada_nn_aW_ilson@protonmail.com
846,Ada_nn_aWi-lson@protonmail.com
847,Ada_nn_aWi_lson@protonmail.com
848,Ada_nn_aWil-son@protonmail.com
849,Ada_nn_aWil_son@protonmail.com
850,Ada_nn_aWils-on@protonmail.com
851,Ada_nn_aWils_on@protonmail.com
852,Ada_nn_aWilso-n@protonmail.com
853,Ada_nn_aWilso_n@protonmail.com
854,Ada_nn_aWilson@protonmail.com
855,Ada_nn_a_Wilson@protonmail.com
856,Ada_nna-W-ilson@protonmail.com
857,Ada_nna-W_ilson@protonmail.com
858,Ada_nna-Wilson@protonmail.com
859,Ada_nnaW-ilson@protonmail.com
860,Ada_nnaW_ilson@protonmail.com
861,Ada_nnaWi-lson@protonmail.com
862,Ada_nnaWi_lson@protonmail.com
863,Ada_nnaWil-son@protonmail.com
864,Ada_nnaWil_son@protonmail.com
865,Ada_nnaWils-on@protonmail.com
866,Ada_nnaWils_on@protonmail.com
867,Ada_nnaWilso-n@protonmail.com
868,Ada_nnaWilso_n@protonmail.com
869,Ada_nnaWilson@protonmail.com
870,Ada_nna_W-ilson@protonmail.com
871,Ada_nna_W_ilson@protonmail.com
872,Ada_nna_Wilson@protonmail.com
873,Adan-n-aWilson@protonmail.com
874,Adan-n_aWilson@protonmail.com
875,Adan-na-Wilson@protonmail.com
876,Adan-naW-ilson@protonmail.com
877,Adan-naW_ilson@protonmail.com
878,Adan-naWi-lson@protonmail.com
879,Adan-naWi_lson@protonmail.com
880,Adan-naWil-son@protonmail.com
881,Adan-naWil_son@protonmail.com
882,Adan-naWils-on@protonmail.com
883,Adan-naWils_on@protonmail.com
884,Adan-naWilso-n@protonmail.com
885,Adan-naWilso_n@protonmail.com
886,Adan-naWilson@protonmail.com
887,Adan-na_Wilson@protonmail.com
888,Adan_n-aWilson@protonmail.com
889,Adan_n_aWilson@protonmail.com
890,Adan_na-Wilson@protonmail.com
891,Adan_naW-ilson@protonmail.com
892,Adan_naW_ilson@protonmail.com
893,Adan_naWi-lson@protonmail.com
894,Adan_naWi_lson@protonmail.com
895,Adan_naWil-son@protonmail.com
896,Adan_naWil_son@protonmail.com
897,Adan_naWils-on@protonmail.com
898,Adan_naWils_on@protonmail.com
899,Adan_naWilso-n@protonmail.com
900,Adan_naWilso_n@protonmail.com
901,Adan_naWilson@protonmail.com
902,Adan_na_Wilson@protonmail.com
903,Adann-a-Wilson@protonmail.com
904,Adann-aW-ilson@protonmail.com
905,Adann-aW_ilson@protonmail.com
906,Adann-aWi-lson@protonmail.com
907,Adann-aWi_lson@protonmail.com
908,Adann-aWil-son@protonmail.com
909,Adann-aWil_son@protonmail.com
910,Adann-aWils-on@protonmail.com
911,Adann-aWils_on@protonmail.com
912,Adann-aWilso-n@protonmail.com
913,Adann-aWilso_n@protonmail.com
914,Adann-aWilson@protonmail.com
915,Adann-a_Wilson@protonmail.com
916,Adann_a-Wilson@protonmail.com
917,Adann_aW-ilson@protonmail.com
918,Adann_aW_ilson@protonmail.com
919,Adann_aWi-lson@protonmail.com
920,Adann_aWi_lson@protonmail.com
921,Adann_aWil-son@protonmail.com
922,Adann_aWil_son@protonmail.com
923,Adann_aWils-on@protonmail.com
924,Adann_aWils_on@protonmail.com
925,Adann_aWilso-n@protonmail.com
926,Adann_aWilso_n@protonmail.com
927,Adann_aWilson@protonmail.com
928,Adann_a_Wilson@protonmail.com
929,Adanna-W-ilson@protonmail.com
930,Adanna-W_ilson@protonmail.com
931,Adanna-Wi-lson@protonmail.com
932,Adanna-Wi_lson@protonmail.com
933,Adanna-Wil-son@protonmail.com
934,Adanna-Wil_son@protonmail.com
935,Adanna-Wils-on@protonmail.com
936,Adanna-Wils_on@protonmail.com
937,Adanna-Wilso-n@protonmail.com
938,Adanna-Wilso_n@protonmail.com
939,Adanna-Wilson@protonmail.com
940,AdannaW-i-lson@protonmail.com
941,AdannaW-i_lson@protonmail.com
942,AdannaW-il-son@protonmail.com
943,AdannaW-il_son@protonmail.com
944,AdannaW-ils-on@protonmail.com
945,AdannaW-ils_on@protonmail.com
946,AdannaW-ilso-n@protonmail.com
947,AdannaW-ilso_n@protonmail.com
948,AdannaW-ilson@protonmail.com
949,AdannaW_i-lson@protonmail.com
950,AdannaW_i_lson@protonmail.com
951,AdannaW_il-son@protonmail.com
952,AdannaW_il_son@protonmail.com
953,AdannaW_ils-on@protonmail.com
954,AdannaW_ils_on@protonmail.com
955,AdannaW_ilso-n@protonmail.com
956,AdannaW_ilso_n@protonmail.com
957,AdannaW_ilson@protonmail.com
958,AdannaWi-l-son@protonmail.com
959,AdannaWi-l_son@protonmail.com
960,AdannaWi-ls-on@protonmail.com
961,AdannaWi-ls_on@protonmail.com
962,AdannaWi-lso-n@protonmail.com
963,AdannaWi-lso_n@protonmail.com
964,AdannaWi-lson@protonmail.com
965,AdannaWi_l-son@protonmail.com
966,AdannaWi_l_son@protonmail.com
967,AdannaWi_ls-on@protonmail.com
968,AdannaWi_ls_on@protonmail.com
969,AdannaWi_lso-n@protonmail.com
970,AdannaWi_lso_n@protonmail.com
971,AdannaWi_lson@protonmail.com
972,AdannaWil-s-on@protonmail.com
973,AdannaWil-s_on@protonmail.com
974,AdannaWil-so-n@protonmail.com
975,AdannaWil-so_n@protonmail.com
976,AdannaWil-son@protonmail.com
977,AdannaWil_s-on@protonmail.com
978,AdannaWil_s_on@protonmail.com
979,AdannaWil_so-n@protonmail.com
980,AdannaWil_so_n@protonmail.com
981,AdannaWil_son@protonmail.com
982,AdannaWils-o-n@protonmail.com
983,AdannaWils-o_n@protonmail.com
984,AdannaWils-on@protonmail.com
985,AdannaWils_o-n@protonmail.com
986,AdannaWils_o_n@protonmail.com
987,AdannaWils_on@protonmail.com
988,AdannaWilso-n@protonmail.com
989,AdannaWilso_n@protonmail.com
990,Adanna_W-ilson@protonmail.com
991,Adanna_W_ilson@protonmail.com
992,Adanna_Wi-lson@protonmail.com
993,Adanna_Wi_lson@protonmail.com
994,Adanna_Wil-son@protonmail.com
995,Adanna_Wil_son@protonmail.com
996,Adanna_Wils-on@protonmail.com
997,Adanna_Wils_on@protonmail.com
998,Adanna_Wilso-n@protonmail.com
999,Adanna_Wilso_n@protonmail.com
1000,Adanna_Wilson@protonmail.com
